Oblast,Population
Cherkasy,1359089
Chernihiv,1189816
Chernivtsi,912065
Crimea,2374091
Dnipropetrovs'k,3479157
Donets'k,4676929
Ivano-Frankivs'k,1394332
Kharkiv,2850164
Kherson,1139548
Khmel'nyts'kyy,1389641
Kiev,1780785
Kiev City,2662044
Kirovohrad,1085709
L'viv,2589633
Luhans'k,2443514
Mykolayiv,1230944
Odessa,2416791
Poltava,1574323
Rivne,1161335
Sumy,1245747
Ternopil',1120408
Transcarpathia,1249088
Vinnytsya,1722210
Volyn,1045425
Zaporizhzhya,1878965
Zhytomyr,1347192
